district_coords,idx,UID,lat,lon,dist_closest_lin,dist_closest_river,dist_closest_road,dist_closest_upstream_forest,elevation,slope,flow_accumulation,proximity_water,drainage_density,HSG,CEC,PH,OC,idx_matched,UID_matched,lat_matched,lon_matched,dist_closest_lin_matched,dist_closest_river_matched,dist_closest_road_matched,dist_closest_upstream_forest_matched,elevation_matched,slope_matched,flow_accumulation_matched,proximity_water_matched,drainage_density_matched,HSG_matched,CEC_matched,PH_matched,OC_matched,asset_2016_2018_Kharif_NDVI_BA,matched_2016_2018_Kharif_NDVI_BA,2016_2018_Kharif_NDVI_BA_DiD,asset_2016_2018_Kharif_NDVI_POS,matched_2016_2018_Kharif_NDVI_POS,2016_2018_Kharif_NDVI_POS_DiD,asset_2016_2018_Rabi_NDVI_BA,matched_2016_2018_Rabi_NDVI_BA,2016_2018_Rabi_NDVI_BA_DiD,asset_2016_2018_Rabi_NDVI_POS,matched_2016_2018_Rabi_NDVI_POS,2016_2018_Rabi_NDVI_POS_DiD,asset_2016_2018_Zaid_NDVI_BA,matched_2016_2018_Zaid_NDVI_BA,2016_2018_Zaid_NDVI_BA_DiD,asset_2016_2018_Zaid_NDVI_POS,matched_2016_2018_Zaid_NDVI_POS,2016_2018_Zaid_NDVI_POS_DiD,asset_2016_2019_Kharif_NDVI_BA,matched_2016_2019_Kharif_NDVI_BA,2016_2019_Kharif_NDVI_BA_DiD,asset_2016_2019_Kharif_NDVI_POS,matched_2016_2019_Kharif_NDVI_POS,2016_2019_Kharif_NDVI_POS_DiD,asset_2016_2019_Rabi_NDVI_BA,matched_2016_2019_Rabi_NDVI_BA,2016_2019_Rabi_NDVI_BA_DiD,asset_2016_2019_Rabi_NDVI_POS,matched_2016_2019_Rabi_NDVI_POS,2016_2019_Rabi_NDVI_POS_DiD,asset_2016_2019_Zaid_NDVI_BA,matched_2016_2019_Zaid_NDVI_BA,2016_2019_Zaid_NDVI_BA_DiD,asset_2016_2019_Zaid_NDVI_POS,matched_2016_2019_Zaid_NDVI_POS,2016_2019_Zaid_NDVI_POS_DiD,asset_2016_2020_Kharif_NDVI_BA,matched_2016_2020_Kharif_NDVI_BA,2016_2020_Kharif_NDVI_BA_DiD,asset_2016_2020_Kharif_NDVI_POS,matched_2016_2020_Kharif_NDVI_POS,2016_2020_Kharif_NDVI_POS_DiD,asset_2016_2020_Rabi_NDVI_BA,matched_2016_2020_Rabi_NDVI_BA,2016_2020_Rabi_NDVI_BA_DiD,asset_2016_2020_Rabi_NDVI_POS,matched_2016_2020_Rabi_NDVI_POS,2016_2020_Rabi_NDVI_POS_DiD,asset_2016_2020_Zaid_NDVI_BA,matched_2016_2020_Zaid_NDVI_BA,2016_2020_Zaid_NDVI_BA_DiD,asset_2016_2020_Zaid_NDVI_POS,matched_2016_2020_Zaid_NDVI_POS,2016_2020_Zaid_NDVI_POS_DiD,asset_2016_2021_Kharif_NDVI_BA,matched_2016_2021_Kharif_NDVI_BA,2016_2021_Kharif_NDVI_BA_DiD,asset_2016_2021_Kharif_NDVI_POS,matched_2016_2021_Kharif_NDVI_POS,2016_2021_Kharif_NDVI_POS_DiD,asset_2016_2021_Rabi_NDVI_BA,matched_2016_2021_Rabi_NDVI_BA,2016_2021_Rabi_NDVI_BA_DiD,asset_2016_2021_Rabi_NDVI_POS,matched_2016_2021_Rabi_NDVI_POS,2016_2021_Rabi_NDVI_POS_DiD,asset_2016_2021_Zaid_NDVI_BA,matched_2016_2021_Zaid_NDVI_BA,2016_2021_Zaid_NDVI_BA_DiD,asset_2016_2021_Zaid_NDVI_POS,matched_2016_2021_Zaid_NDVI_POS,2016_2021_Zaid_NDVI_POS_DiD
araria,1034.0,1502.233644859813,26.215443830280375,87.47458463046729,-0.6281010478912523,-0.4284684748087377,-0.15005038897649284,-0.16240930608559667,-0.602152109185932,-0.18099262900185745,0.11467310451097613,0.11007439358522758,-0.4201368943693451,9.355140186915888,-1.335361833614366,-0.13610542865146086,-0.6502405912624941,5399.560747663551,7752.672897196262,26.44576684738318,84.61791848831776,-0.02088208018557436,0.11440613488425368,-0.06330837565770432,-0.08125855902273678,-0.09490392678142295,-0.0512284059631764,0.034709155377330554,-0.18651848960808864,-0.18498569607878423,9.63551401869159,0.007581178476263336,0.15384511522040578,-0.02056911113757119,26.611584530915568,18.722830060754312,7.888754470161258,69.38022626660108,42.760000531766394,26.620225734834687,19.244625835870306,19.32217510181111,-0.07754926594080541,73.33523882958217,55.03431086313526,18.300927966446903,23.932811315988886,23.04160833427926,0.8912029817096215,68.50812937876391,56.557344358623254,11.950785020140652,30.732109384347456,25.759428882891743,4.97268050145571,74.06974116270722,58.53285651613246,15.536884646574759,17.92119222025764,15.140718682282873,2.780473537974768,62.67199319339015,48.15809414924024,14.513899044149907,25.06281490541205,33.676765796785475,-8.61395089137342,65.81207375599898,77.132050890044,-11.319977134045013,28.45216096568777,16.655588200103693,11.796572765584079,71.24672631313064,39.3021895481315,31.944536764999135,7.86017202642879,5.4407371918439305,2.4194348345848593,37.15584743622127,23.511386447933422,13.644460988287845,14.151633187540712,24.027199851105408,-9.875566663564696,42.27941665226466,55.57579222114392,-13.29637556887926,28.059983249358556,21.014078515308224,7.045904734050332,68.55598835431596,46.82269578973956,21.73329256457638,18.018904295343056,17.484479068345276,0.5344252269977803,63.502213477619286,53.89718296752237,9.605030510096913,17.09961313994762,27.387963467648664,-10.28835032770104,48.71644886401404,64.10111538001355,-15.384666515999522
bahraich,1834.5,2712.723404255319,27.54577066244681,81.5884343974468,2.024654169732454,-0.13901400832231856,-0.5812901522709898,-0.04363990728094004,0.6090536086813799,0.015785090420397038,-0.1873311027452724,-0.4297192064590488,-0.680022989082824,6.9361702127659575,0.333195954026885,-0.28303667419417533,1.0438347926263867,5290.106382978724,7629.0,26.460624015957446,84.43362258861703,0.06723089583114558,0.3390775386730473,-0.36973033432178115,0.09409244552836182,0.07748649664850508,0.290763662631433,-0.027579025985577134,-0.3321049313387107,-0.1330690459992672,6.946808510638298,0.12805471850135328,0.05278023900331659,0.16366769014784707,6.320333168037535,12.39978457223698,-6.079451404199444,22.362038151511836,33.08465240156169,-10.72261425004986,14.237691477333135,18.959777246451377,-4.7220857691182445,58.92368378370618,55.60313953371064,3.3205442499955367,24.422221342714064,26.240106503264396,-1.8178851605503352,72.72056706547188,61.62017819352646,11.100388871945423,10.25677887380015,18.776749011911384,-8.519970138111237,35.72348729123645,42.66755988480512,-6.9440725935686745,21.87501697580085,18.213734451136467,3.661282524664383,62.73842754805801,54.55343361278411,8.18499393527389,29.319691385760812,38.50971093412303,-9.190019548362216,78.28659264829477,83.35250143760781,-5.0659087893130454,9.480878069903826,16.49085557260249,-7.009977502698669,34.047733235863134,38.29135363289899,-4.243620397035851,10.234390217592905,7.97222409764403,2.2621661199488745,43.1871939990641,24.724448800596615,18.462745198467484,17.99630839384479,27.74280439454012,-9.74649600069533,57.09204337423823,62.408010560306195,-5.315967186067969,11.721198759272669,16.311552313791953,-4.590353554519289,41.20649635767217,38.984897551526885,2.221598806145279,24.02370714240815,23.063012620683395,0.9606945217247559,69.8188691749722,60.974496332839,8.844372842133199,21.512142256823108,30.40387273310006,-8.891730476276951,62.02406644735872,66.69179085192522,-4.667724404566509
balrampur,1917.5,2838.25,27.4459438425,82.28593456541667,1.591785030594017,-0.2105011436827163,-0.1343583355806407,-0.16379150952301386,0.4317645610012892,0.34433520430972536,-0.08650194231576701,-0.10224214711830663,-0.289355929588359,8.833333333333334,0.33898714070047475,-0.3082697191233647,1.0538563588672138,5346.333333333333,7717.652777777777,26.534983337916668,84.52739213027778,0.138447973829861,0.22809953892036447,-0.3073067644876327,-0.055234639995640926,0.04067896797654814,0.1317669298827681,-0.09084963138601523,-0.23581173904127958,-0.2266263914068681,7.583333333333333,0.05533662762390312,0.0010882292064176623,0.30607398437604605,6.418918918918918,15.88825667773036,-9.469337758811443,23.038169748696063,37.6787972182709,-14.640627469574838,10.975981041770515,18.55243401296033,-7.576452971189814,46.394471394471395,54.73368104947052,-8.339209654999129,28.072151098466886,21.609767662399243,6.462383436067645,79.54500553184764,54.76529160739687,24.779713924450768,5.939922716238505,22.4760945155682,-16.536171799329693,22.369814146129936,51.04907539118065,-28.679261245050718,16.53923660502608,18.11383752173226,-1.5746009167061805,54.82554923344397,51.89366998577525,2.9318792476687214,35.65868500079026,35.459143353880194,0.19954164691006604,88.44208581050685,78.3033033033033,10.13878250720356,8.965595149805676,17.307768294610398,-8.342173144804725,30.02050633629581,42.6100442547811,-12.589537918485288,8.128852536747273,7.946103998735577,0.18274853801169577,39.63470048996365,27.48142879721827,12.153271692745376,13.018661373924532,25.444523470839258,-12.42586209691473,42.64461830251304,55.84005057689268,-13.195432274379643,11.023295562769245,17.414453927611824,-6.3911583648425765,35.46902165323218,43.04765291607397,-7.57863126284179,19.41293520240889,21.204757388967916,-1.7918221865590296,65.69167852062589,56.85455192034139,8.837126600284495,26.77809388335704,28.89501343448712,-2.116919551130079,75.33783783783784,64.05188082819662,11.285957009641221
banka,1111.5,1612.1458333333333,24.83102923583333,86.79658424083334,-0.7789700504171965,0.7003892345351472,0.6991967288940786,0.11520348576791689,0.9771681152420624,0.3530129319253586,0.25655334117593714,-0.32137471466284423,1.4624234338968247,4.270833333333333,-0.11442692858125247,-0.7755950508764277,0.11254333482990309,5444.291666666667,7805.041666666667,26.534380717708334,84.53520185895833,-0.10159616281781847,0.2561737816643676,-0.3137602214045376,0.26680955829497105,-0.014113971118576504,0.03825733222636407,-0.04862803559871754,-0.4074188900826912,-0.02739733377527674,7.375,0.1225992440450459,0.12166485636416098,0.13642775155954626,10.675972024656234,15.593883357041252,-4.9179113323850165,38.673541963015644,40.39681128496918,-1.7232693219535324,6.337422949265054,20.52364864864865,-14.186225699383593,32.01458036984353,58.8341631104789,-26.819582740635372,14.494428639165482,22.787754860123282,-8.2933262209578,40.95542911332385,55.209815078236126,-14.25438596491228,11.993243243243244,21.916488857278335,-9.923245614035087,39.75077050734946,51.15279753437648,-11.402027027027026,14.901908487434804,16.155464675201518,-1.253556187766713,55.19055239449977,47.341749644381224,7.848802750118541,41.05322427690849,36.79468942626837,4.258534850640117,91.37328117591277,81.5537577050735,9.819523470839263,24.83108108108108,17.130452821242294,7.700628259838788,69.53828828828829,40.84133475580844,28.69695353247985,2.473032242769085,6.804324567482461,-4.331292324713377,14.895981507823613,23.44861308677098,-8.552631578947368,33.011794689426274,25.665303461356093,7.346491228070178,76.58250355618777,58.82481671955356,17.757686836634207,18.616642958748223,14.303283546704598,4.313359412043623,60.77673067804647,36.90433854907539,23.872392128971075,29.054054054054053,24.017603129445234,5.036450924608821,80.7106448553817,59.720246562351825,20.990398293029873,34.57355381697487,28.32355381697487,6.2500000000000036,77.08185158843054,65.91986723565671,11.161984352773827
basti,1972.5,2916.8684210526317,26.90174448368421,82.74907060894736,0.3030256021850188,0.4045558774243245,0.4045549583854177,0.0605111060904818,0.02890834247881162,0.1575543595925876,0.06489563161459745,-0.9197586757027779,-0.43520827931934636,8.526315789473685,0.3419394424762882,-0.3082697191233647,1.0538563588672138,5107.789473684211,7357.763157894737,26.194788581315787,84.96737336447369,0.029891831613030013,0.35547557487832887,-0.24531919278540842,-0.0006292053599401052,0.10026249813596241,-0.028100230713807593,-0.1430603667175462,-0.41002172686611105,0.2209876284731912,6.973684210526316,-0.27219907882305056,-0.03046789004285713,-0.3256489178233275,9.388335704125177,15.746425095455567,-6.358089391330389,33.23912555214494,38.195328292281204,-4.956202740136259,12.339971550497866,17.04349779142023,-4.703526240922364,65.17743505278132,45.82615856854084,19.351276484240476,18.44538444261436,22.155049786628734,-3.709665344014375,68.82907838586509,54.09335928726511,14.735719098599986,6.431084824436625,20.773751590926107,-14.342666766489481,27.013925282623344,51.00321928576776,-23.98929400314442,12.079808340196152,18.102867410346633,-6.023059070150484,50.890918619450474,50.413640787602006,0.4772778318484679,26.446806917721045,36.035412143445384,-9.588605225724342,83.26720071872427,76.45242195103691,6.814778767687355,7.952758853035861,18.284420154226247,-10.331661301190389,27.423822714681442,41.777719547802654,-14.353896833121212,1.9633899827805643,9.519353148162011,-7.555963165381449,22.265478775174063,25.147862543984427,-2.8823837688103624,10.88942127723291,27.435052781313168,-16.54563150408026,45.44620798083402,60.778992288687576,-15.332784307853562,11.566968630680542,18.17211948790896,-6.605150857228421,39.6645953432657,40.87931421726436,-1.2147188739986543,9.96106910234334,23.380998727259115,-13.419929624915774,46.713333832447404,58.73324848394101,-12.019914651493599,14.756307554091489,31.91023433405705,-17.153926779965563,55.75915250430486,69.2090289735719,-13.449876469267052
begusarai,1148.391304347826,1669.4782608695652,25.50187928347826,86.19487880086956,-0.4214836547854425,0.14205658176017513,-1.3669381392706985,-0.12368585209660207,-0.8612549915970942,-0.030012671304037657,0.09828621807548964,1.1571338809411016,-0.2081282791599619,5.173913043478261,-0.31687895832925006,-0.40307984953776255,-0.19607727642190367,5125.217391304348,7380.260869565217,26.50511468,84.2983339373913,0.3034221245576235,-0.038819469827124024,0.1453030112741791,0.48144240955127765,-0.025600523458277923,0.15358613051221548,-0.0530411443867165,-0.16965782626455805,-0.42551172789502983,7.782608695652174,-0.07516688306604956,-0.2802663934248932,0.2397934290757506,18.45816067784031,11.818912734244543,6.63924794359577,43.28035128950461,28.860782979776115,14.419568309728492,19.41678520625889,15.653410847918856,3.763374358340034,64.75663306326922,43.24633558043169,21.51029748283753,42.17020223885213,25.443750386542145,16.726451852309978,87.45129568928196,57.05671346403612,30.39458222524584,5.974395448079659,14.734986702950088,-8.760591254870432,20.075453027398108,41.68779763745439,-21.61234461005628,12.270393963757808,17.80567753107799,-5.535283567320181,60.02226482775682,45.2068773579071,14.815387469849714,45.33366318263343,35.908219432246895,9.425443750386545,92.89999381532562,80.93883357041251,11.961160244913104,6.0919042612406455,14.512338425381902,-8.420434164141257,23.64091780567753,37.20081637701775,-13.55989857134022,4.456057888552167,8.587420372317396,-4.131362483765229,26.467313995918115,24.88403735543324,1.5832766404848784,39.06240336446286,30.876986826643577,8.185416537819284,80.79040138536706,67.28894005781878,13.501461327548284,8.550312326056034,8.247263281588225,0.30304904446780867,25.397365328715445,24.104768383944585,1.292596944770858,17.122271012431195,20.87018368482899,-3.747912672397798,52.64704063331065,55.884717669614695,-3.23767703630404,39.90351907972046,31.69336384439359,8.210155235326862,82.58086461747789,72.46273733687921,10.11812728059868
bhagalpur,6.0,12.692307692307692,25.18528880846154,87.20104902307692,-0.1189762658730893,0.5143597768590146,-1.3777304541238091,0.6629111809857412,-0.8498617672723991,-0.09577736613367374,-0.43995213833552416,0.2204691972819267,1.1763493997020729,6.846153846153846,-0.5544160528711871,-0.7486276697565449,-0.2785563620249744,4776.923076923077,6921.461538461538,26.539401783076922,84.07286791923077,0.01800388896187771,0.3675275321017205,-0.05529951010589681,0.07634940355917344,0.20001155693669062,0.18520445109839817,-0.10977519460204872,-0.26337157754282925,-0.049245700120457044,8.384615384615385,-0.34707542800452124,-0.4470814550224925,0.2099452851291915,19.613743297953825,15.794944742313163,3.818798555640661,50.1313053944633,35.014771856877125,15.11653353758617,25.139511981617243,15.789473684210527,9.35003829740672,76.82459787722945,52.64799212167634,24.176605755553126,33.045190939927785,28.50421271473903,4.540978225188754,73.29576540102856,66.80161943319838,6.494145967830179,21.51220045956888,10.816281868913448,10.695918590655433,58.08075281759493,33.75095743516796,24.32979538242696,32.1315242367874,14.060619323777217,18.070904913010178,82.45978772294562,49.031622715833244,33.42816500711237,36.83116314695262,38.762446657183496,-1.9312835102308765,89.13447860816282,83.73454426086005,5.39993434730277,18.91891891891892,16.648429806324543,2.270489112594377,58.06433964328701,47.64744501586607,10.416894627420946,6.740343582448845,6.9482437903490535,-0.20790020790020794,40.119269066637486,30.2275960170697,9.891673049567789,30.041580041580044,22.135901083269502,7.905678958310539,71.8678192362403,46.97997592734435,24.887843308895945,25.626436152751943,17.58398074187548,8.042455410876464,66.52806652806653,36.04333078017289,30.48473574789364,25.429478061057008,20.73531020899442,4.69416785206259,74.03435824488456,60.57555531239742,13.458802932487142,33.8603785972207,29.57106904475325,4.289309552467449,80.1236459131196,66.3912900755006,13.732355837618996
darbhanga,32.717948717948715,49.56410256410256,26.059678708205126,85.97794293102564,-0.11072633812333016,-0.557965843669727,-1.48830467722264,-0.20127722537289824,-0.6924997444889754,0.2990078754896158,-0.16638456021750705,1.0070914177941133,0.05999773434597524,8.128205128205128,0.36764823583623296,-0.2613367737913803,1.005576910148164,5503.0,7934.25641025641,26.613512793076925,84.1069209774359,0.3235338392011641,-0.1059467925798216,-0.23338896842382417,0.23690623263208607,-0.07599033221706471,-0.03049831669851935,-0.0616077192853557,-0.488628990486779,-0.29407885042536774,7.871794871794871,0.19876488793012886,0.07776875274421957,0.3866557365596203,6.054637633585002,14.17915891600102,-8.12452128241602,25.719444140496773,37.354561038771564,-11.635116898274793,10.179815442973338,20.47817047817048,-10.298355035197138,50.399387241492505,64.97793339898604,-14.578546157493525,31.531531531531535,27.51614897363885,4.015382557892679,73.952292373345,61.54940365466682,12.402888718678193,7.958565853302695,16.021081810555494,-8.0625159572528,29.419703103913633,46.79031257978627,-17.370609475872634,17.6022176022176,18.2806288069446,-0.6784112047269938,68.43381843381844,57.74701827333406,10.68680016048437,37.56428493270599,37.62993762993763,-0.06565269723164527,87.83601415180362,84.64456359193201,3.191450559871613,3.680198417040522,12.990115621694569,-9.309917204654047,15.145712514133566,37.836014151803624,-22.690301637670057,4.52456505088084,8.487434803224277,-3.962869752343436,28.67381551592078,29.26286610497137,-0.5890505890505878,33.326038589196486,29.349608094547367,3.976430494649118,78.41849947113104,69.29459824196667,9.123901229164387,4.46255972571762,13.639347849874166,-9.176788124156545,13.923842871211292,35.52175657438815,-21.59791370317686,15.176715176715176,21.521272128559577,-6.344556951844401,58.09898967793705,59.95349133000955,-1.8545016520725017,31.29262866104971,30.741875478717585,0.5507531823321298,76.6823503665609,69.72498814604079,6.957362220520117
deoria,1206.5,1747.4239130434783,26.48720994380435,83.76759091913044,0.6373077331568754,-0.020436654548881522,-1.2138948527713906,0.08202985865093423,-0.18743928074633665,0.5175072018626912,-0.09149653562261278,-0.7938596460967476,-0.3943332475829546,8.108695652173912,1.2900909193272945,1.4226377103486234,-0.7267107009560109,5174.804347826087,7468.532608695652,26.57158903445652,84.29233182521739,0.12382071948299489,0.33045131888296764,-0.335403483647362,0.1386043867300686,0.09784392997154887,-0.004218606045500622,-0.029525552120524757,-0.14859029847050423,-0.12696347385838525,7.130434782608695,0.19659634203962065,-0.0008756023437750798,0.2816458236155294,12.9932277815573,14.175273671841177,-1.1820458902838766,38.75007730842971,34.16104892077432,4.58902838765539,19.28922629723545,18.336013358896654,0.9532129383387961,74.75338610922135,52.94622425629291,21.80716185292844,10.899715504978662,22.149638196548953,-11.24992269157029,32.02347083926031,54.987860594267914,-22.964389755007602,17.517317088255304,15.533582781866535,1.9837343063887687,49.197538499598,39.97155049786629,9.225988001731709,12.994773950151524,16.641412579627683,-3.646638629476158,60.500804007669,47.247819902282146,13.252984105386853,32.067536644195684,34.77410476838394,-2.7065681241882613,82.34739315975014,78.68838518152019,3.6590079782299463,17.293122642092893,14.656132104644689,2.636990537448203,45.468952934627985,34.43781309914033,11.03113983548766,2.6199826829117443,7.303327354814769,-4.683344671903024,20.122611169521925,24.523780072979157,-4.401168903457234,22.628177376461128,24.33746675737523,-1.7092893809140954,69.10368606592863,57.14948357968953,11.9542024862391,10.357783412703322,17.601583276640486,-7.243799863937164,32.586276207557674,40.907755581668624,-8.321479374110954,8.742810316036861,19.95485187704867,-11.212041561011814,42.9115900797823,56.53024305770302,-13.618652977920714,23.36338054301441,28.676015832766403,-5.312635289751994,70.62820829983302,67.20499103222215,3.42321726761086
gonda,1255.0,1817.6,27.23794166,81.97379570000001,2.0252050361867657,0.31956195026454626,-1.6046903277028488,-0.39355800371587535,0.3980491259386004,-0.19936639494462058,0.3637780355962613,-1.4074869475045049,-0.8439147489856976,7.0,0.3419394424762882,-0.3082697191233647,1.0538563588672138,7293.4,10349.2,26.060476736,85.410891948,0.30974062882223435,-0.12474775280728725,0.2701229611215904,-0.6834459917333172,0.37300041174761434,0.43925390087056837,-0.2362799300112904,-0.5681263521847442,0.537407730584391,7.0,-0.5948742848609591,-0.48872497579223084,0.15539516392690453,3.684210526315789,8.50858956122114,-4.824379034905351,13.68421052631579,28.477951635846374,-14.793741109530583,11.578947368421051,12.859174964438122,-1.2802275960170693,54.21052631578948,36.92745376955903,17.283072546230443,24.324324324324326,31.650071123755332,-7.325746799431012,69.33143669985775,64.21052631578948,5.120910384068281,4.253200568990043,23.584637268847793,-19.33143669985775,26.842105263157897,66.6145092460882,-39.7724039829303,16.315789473684212,18.80512091038407,-2.4893314366998593,43.68421052631579,54.55192034139402,-10.86770981507824,31.57894736842105,49.45945945945946,-17.88051209103841,72.95874822190612,95.78947368421052,-22.830725462304407,1.0526315789473684,10.796586059743955,-9.743954480796587,12.716927453769559,43.05978042820148,-30.342852974431924,14.73684210526316,10.725462304409673,4.011379800853487,34.807965860597434,27.29036729036729,7.517598570230147,8.947368421052632,48.37837837837838,-39.43100995732575,34.73684210526316,97.32501732501733,-62.58817521975417,4.76529160739687,5.8890469416785205,-1.1237553342816506,26.31578947368421,25.163584637268848,1.1522048364153612,18.449502133712663,33.18634423897582,-14.736842105263161,51.522048364153626,78.32147937411095,-26.799431009957324,19.48790896159317,48.4068278805121,-28.918918918918923,51.294452347083926,94.73684210526315,-43.44238975817923
gopalganj,95.13924050632912,136.36708860759492,26.450198397721522,84.28103890468354,-0.45527563300333707,0.572712076749402,0.19005622644071007,-0.32832377507035854,-0.29807774144863114,-0.1224118470957762,-0.1571457824000178,-0.4865360997373687,-0.2954280964224299,9.20253164556962,1.1078574092135318,1.522115148824025,-0.8529311465719445,5864.06329113924,8401.443037974683,26.30664400658228,84.7583309378481,-0.07724630911836922,-0.021036564458044523,-0.445512050091549,0.019252103045987276,-0.17900578703079334,-0.006348872564597072,-0.1394341598535012,-0.15133041628670535,-0.1545247434533623,7.69620253164557,0.2314583531191246,0.3412801056713047,-0.12960674946633008,13.718782073212452,18.92432072312152,-5.2055386499090694,40.89525901651152,44.188558978698886,-3.293299962187371,8.739218899112304,16.608747321605417,-7.869528422493113,53.802870158632984,50.84628265840791,2.956587500225075,5.98159785368313,23.02879161639988,-17.04719376271675,34.20962601508904,53.58139618632624,-19.371770171237195,19.58514143724004,21.13005743918469,-1.54491600194465,53.86589120766335,51.465689540306464,2.400201667356896,13.711579667608982,18.119451896933576,-4.407872229324594,56.229180546302466,55.03628211822749,1.192898428074976,23.283576714622686,35.76084412193673,-12.477267407314043,71.36323532059708,79.63519815618416,-8.271962835587084,13.523416821218285,11.450024308118913,2.073392513099375,36.16237823433027,30.991951311738124,5.170426922592145,5.4171093145110465,7.891135639303527,-2.4740263247924807,26.449033977348435,31.553738948808903,-5.1047049714604675,9.929416425085979,23.893080288816467,-13.963663863730488,38.014296775122894,55.708806741451646,-17.694509966328752,20.326088913697177,14.34359075931361,5.982498154383564,50.2493832940202,34.457208707708375,15.792174586311827,7.480598519905649,20.364801843815833,-12.884203323910185,38.50316005545852,58.35659110142788,-19.853431045969355,15.296108900372724,28.46300664421917,-13.166897743846445,55.038983020328786,64.68930622828024,-9.650323207951457
gorakhpur,1305.0,1897.0210526315789,26.533780652842104,83.38580007463159,1.326173150319142,0.025771029363212582,-0.26850430856388424,0.50662700371098,-0.14309692854657444,0.11847567433627847,-0.26971113752983006,-0.5926497776450341,-0.269397162925526,6.368421052631579,0.6187393711556607,0.1926777184201314,0.5339598133388637,5286.978947368421,7605.663157894737,26.472993515473686,84.33301289578948,0.0976250607105509,-0.007580645436382607,-0.17094656643089365,0.11890973221173555,0.07741013391127768,0.1430756794552636,0.1051145001503188,-0.20769314301000294,-0.006891585994671882,7.2105263157894735,0.005760505125179496,-0.036361567325911066,0.21100724817211097,17.085423373512015,13.622819495395673,3.4626038781163424,50.34289136782211,36.097177509919895,14.245713857902224,12.841206857827355,17.41558733248484,-4.574380474657483,68.38960844501011,53.138352501233385,15.25125594377672,7.335479523845175,22.636819645129894,-15.301340121284719,27.742007935913755,56.067979336677396,-28.325971400763645,21.251029422774575,20.48663622070824,0.764393202066332,60.11230066631729,49.3127199221382,10.799580744179083,16.597289810586208,17.456015572359064,-0.8587257617728536,69.00277008310249,51.23428990465001,17.768480178452478,29.86673654263682,36.635472037134086,-6.7687354944972675,81.21733922287939,80.43722392752863,0.7801152953507513,16.831623867634946,13.038760047070298,3.7928638205646514,44.04057797409598,33.72389009508123,10.316687879014749,4.336303062064835,7.795163584637269,-3.458860522572434,29.766414614060043,26.887025529684813,2.8793890843752337,26.97312270719473,27.435801452421952,-0.46267874522722247,75.47128846297821,65.12091038406828,10.350378078909934,14.220259040203638,12.727600816243475,1.4926582239601633,41.10953058321479,33.92528262334356,7.184247959871228,7.3100247061465895,20.731451673279928,-13.421426967133337,48.539342666766494,56.490978513139176,-7.951635846372689,15.373212547727784,30.429737216440817,-15.056524668713035,46.375683162386764,69.47068952609119,-23.095006363704425
jamui,303.0,440.4119402985075,24.770105142656714,86.31085662573133,-0.5186728648310129,0.7290513271402675,0.6295289610350439,0.5025707127572796,1.465615777442423,0.43290162457860176,-0.04482028321049857,-0.1586826701873119,1.5311692787830942,5.155223880597015,-0.8002470453193375,-1.2524063893635826,-0.7769965323763862,5368.698507462686,7745.677611940298,26.57268136164179,84.2905554957612,0.1748325528078513,0.26733465537957785,-0.4497038284357615,0.11078427704018284,0.11572647649997489,0.12282172881451739,-0.05079884723945153,-0.2814641639403302,-0.15152219880313145,7.17910447761194,0.12236670045186014,0.06572818900510252,0.16775088544613978,3.9818687501326933,11.609956382148056,-7.628087632015362,14.709300816920614,30.76070571750069,-16.051404900580074,2.664911573002696,17.86246576505807,-15.197554192055371,13.444300545635972,52.58366772113826,-39.13936717550229,20.876390923523683,21.865930224139177,-0.9895393006154971,54.56338506613448,54.17294749580689,0.3904375703275946,9.922082333708413,19.370409142600813,-9.448326808892402,32.90124767343934,47.535721109955205,-14.634473436515856,15.09734400543513,19.454576335958897,-4.357232330523767,52.86215909546624,53.79368612675761,-0.9315270312913668,45.41494754770482,36.85183884712557,8.563108700579246,96.05698392815438,81.39551177257383,14.661472155580562,23.245378135401705,15.159523533443407,8.085854601958294,63.010127173520736,38.709581537546974,24.30054563597376,4.041952400161355,9.010255648118964,-4.968303247957607,20.761401621574443,27.922124795651897,-7.160723174077454,43.19206480636174,26.321641600510414,16.87042320585133,90.79573682087428,60.3649604042377,30.430776416636593,16.12644459070225,14.446690935300518,1.6797536554017316,45.333161126562544,37.02596547843995,8.307195648122594,29.479723242488365,22.216720315699106,7.263002926789261,75.73363622853017,58.15436985114911,17.579266377381067,36.84636325249051,29.097046771830748,7.749316480659766,79.93715632364494,65.81580008917008,14.121356234474854
katihar,485.0,703.7931034482758,25.616896453793103,87.61913864793104,0.09838970330275947,-0.4231122538068842,-1.2199825144570768,0.18859517419224012,-1.004708786318937,-0.20196085523508045,0.09922856550914123,0.9205851289292851,-0.445391875636163,8.862068965517242,0.34193944247628816,-0.3082697191233647,1.0538563588672138,5198.9655172413795,7495.448275862069,26.470180989310347,84.38095241103449,0.1903933654955436,0.26365787284579967,-0.07056993860815707,0.002763661951632801,0.08663149548200816,-0.02465194941637369,0.05784075848353353,-0.4704583886540146,0.0037914535743491257,7.827586206896552,0.22253566246070663,0.035291782502339435,-0.011037954214979655,18.408789915142005,17.248736940206996,1.1600529749350077,45.11208122823368,40.62392701231177,4.488154215921912,29.038112522686028,19.409427576396723,9.628684946289303,79.7812331387649,51.53529209790553,28.24594104085937,23.294256143620935,20.780399274047188,2.5138568695737473,56.95050767646049,50.90989355962133,6.040614116839163,17.28552508951783,20.240839750821603,-2.9553146613037713,43.23588561338108,51.540197184480306,-8.30431157109923,24.562221023201058,17.067248736940208,7.494972286260852,75.68303330553785,47.701966939716485,27.98106636582136,31.819296610585177,37.48221906116643,-5.662922450581252,71.91347427282092,80.34531809486438,-8.431843822043458,14.747142787070192,16.500711237553343,-1.7535684504831501,38.092902339726294,42.34561240005887,-4.252710060332567,7.686270662677196,8.642762544758915,-0.9564918820817185,36.94265953794085,25.123853436013146,11.818806101927699,9.60415951341541,20.99622308333742,-11.39206356992201,29.261293961838426,49.09010644037867,-19.828812478540247,20.77549418747241,18.592730661696176,2.1827635257762315,51.253249619855794,45.18565752685535,6.067592093000444,23.107862853779366,23.355569725805662,-0.247706872026291,71.14582822386815,60.9236278020307,10.222200421837444,14.536224064354736,31.895325452494237,-17.3591013881395,37.913866679746896,72.39662530043655,-34.48275862068966
khagaria,503.5,733.0,25.5534267825,86.60280501625,-0.4397546172955779,0.12420538168579126,-0.2799887960276925,0.04544876080611204,-0.9127468536415962,0.16513948657153282,0.08224720236514486,1.1144606175244869,-0.6423324388829014,8.0,0.5306681572729522,-0.0424681922208503,0.022793930398458985,6268.75,8904.25,26.63502571625,84.4904601425,0.09658485537953879,-0.43948268814641744,-0.12019710218548726,0.032917165787236066,-0.25810178204016443,0.3055667672606879,0.43153456134830037,-0.3436526426139813,0.2998523755813759,8.125,0.4453296753663649,0.5263687453158941,0.2674469080237425,4.356330014224751,20.67923186344239,-16.32290184921764,23.986486486486488,44.09672830725462,-20.11024182076813,11.086415362731152,10.721906116642959,0.3645092460881934,47.10170697012802,50.2400426742532,-3.1383357041251774,30.369843527738265,24.96443812233286,5.405405405405406,81.0099573257468,51.30689900426743,29.703058321479375,9.08605974395448,16.918563300142246,-7.832503556187766,37.42887624466572,49.08428165007112,-11.655405405405403,11.335348506401138,21.025960170697015,-9.690611664295876,44.32788051209104,63.593527738264584,-19.26564722617354,46.13264580369844,30.15647226173542,15.976173541963018,99.67105263157895,68.46550497866288,31.205547652916074,6.3566856330014225,19.17674253200569,-12.820056899004268,26.511379800853483,37.26884779516359,-10.757467994310097,6.267780938833569,4.036273115220483,2.231507823613086,24.91109530583215,26.11130867709815,-1.2002133712660012,39.52702702702703,23.27524893314367,16.25177809388336,87.00213371266003,52.96052631578947,34.04160739687056,11.113086770981507,11.246443812233284,-0.1333570412517775,30.254267425320055,31.596728307254626,-1.342460881934569,14.642603129445234,16.554054054054053,-1.9114509246088183,47.688477951635846,61.58428165007113,-13.895803698435284,39.74928876244666,22.19950213371266,17.549786628733997,93.95448079658607,52.83605974395448,41.11842105263158
kishanganj,563.0,814.5675675675676,26.29106029261261,87.89541054441442,-0.4353263633031674,-0.2217790430577508,-0.3922629603166792,-0.1600430030505293,-0.5042197765047481,-0.08182018052686327,-0.07838573861379085,-0.1201329411436943,-0.1730154837473827,10.027027027027026,-1.6738417010970712,-0.10279522058503929,-0.9891333583093898,5548.891891891892,7980.207207207207,26.395097236036033,84.80581251027027,-0.03145112089639127,-0.03141420979082501,-0.2505089677951802,0.22103139596318191,-0.08171796345520056,0.020320919894148717,-0.14218583461426282,0.046729711195802805,-0.08186790057413347,8.315315315315315,-0.07679716644915695,0.11211528619502037,-0.012915445692727597,37.757743518767704,20.083169940922428,17.67457357784527,82.8892904284085,44.973921289710766,37.915369138697734,24.72607742878013,17.59255699511745,7.133520433662681,74.81001627516564,54.790921789499315,20.019094485666322,26.224802327220537,23.695103353709328,2.5296989735112074,62.36528135532403,61.02418207681366,1.341099278510374,39.059116015019285,23.7919230095617,15.267193005457585,86.4352261222816,55.18947112119232,31.245755001089282,29.83609498545487,17.20233747260774,12.633757512847128,70.60602565581229,51.30457626901439,19.301449386797895,22.592364768751683,36.94847051888304,-14.356105750131356,52.01196929504184,84.56543861949267,-32.55346932445083,36.59477400586931,14.624581907654454,21.970192098214856,82.80919610933836,37.10032934784002,45.70886676149834,4.940217600246049,10.468007125190626,-5.527789524944575,22.48023272205349,34.418771545371825,-11.93853882331834,20.516960773006293,25.811548500026454,-5.29458772702016,49.68154498737714,60.232209449848135,-10.550664462471007,35.420911665577385,17.143388053772124,18.27752361180526,79.41575999897479,41.65353119833917,37.76222880063563,17.8321991977753,20.46377814514372,-2.6315789473684217,58.20229902733459,57.730703676649625,0.47159535068496655,19.350787487345098,30.42622992836364,-11.075442441018543,44.159522253405605,68.03467763638461,-23.875155382979
kushinagar,1393.5,2025.9878048780488,26.772252316585366,83.86537557634146,-0.0890837658822515,-0.23877476298286396,-0.2737860172103509,-0.3267889035297408,-0.06704843194320405,-0.199066247231244,-0.1379539453968905,-0.4563627608613716,-0.6283384330400978,8.365853658536585,1.0467554118519857,1.2096104152720317,-0.4893294273135246,5670.670731707317,8134.304878048781,26.4240788297561,84.51372541329269,0.13765537406023362,0.08900595765264616,-0.28745568946493383,0.18912473517257172,0.019196051155747598,0.12017579742063206,-0.15404309123352536,-0.17778491960294085,-0.07175984210730237,7.634146341463414,0.14485678408494151,0.16221316113182158,-0.03810459627260876,21.18967491239635,15.943864275058113,5.245810637338236,53.91874544634493,38.61759705790515,15.30114838843979,12.885542795684001,16.334177566526733,-3.44863477084273,47.79516358463727,50.12056343892031,-2.3253998542830385,6.051590743503452,20.376088540401764,-14.32449779689831,22.501994934600837,50.64792006383791,-28.145925129237067,25.22985116053152,20.710023245324912,4.519827915206605,63.60285188911633,47.83939909100371,15.763452798112619,9.451653193630086,15.560489886548936,-6.10883669291885,39.7338930715054,48.3147139437255,-8.580820872220105,26.370433334489817,34.99635707594629,-8.625923741456477,67.52853623842071,79.25528223987787,-11.726746001457169,18.39416438261111,15.565694063768518,2.828470318842591,44.02647191479027,37.02164937723346,7.004822537556813,7.781979669014328,7.250286229747077,0.5316934392672518,28.661138673975646,25.400721645907783,3.260417028067862,14.135412691253514,24.913263713006973,-10.777851021753461,42.26312320022204,56.16868473094404,-13.905561530721991,18.683863581167817,14.650626235992089,4.033237345175727,47.441279533705725,32.9701974117892,14.471082121916524,12.942788745099401,20.53394858272907,-7.591159837629671,50.75287097109947,54.88412032057732,-4.131249349477848,21.12722478576137,27.236061478680217,-6.1088366929188505,62.66089581237206,63.134475939354,-0.4735801269819243
lakhisarai,622.0,899.2857142857143,25.104145305714287,86.06546975142858,-0.6671101983689838,1.443692692928712,0.3948512792358111,0.3093749853537298,-0.6361214825546916,-0.17710762947141157,0.16810532569744113,-0.4551506554708328,-0.4435652128890318,7.285714285714286,-0.636453393418062,-1.2696246873010943,0.29787931416267527,4715.571428571428,6833.714285714285,26.32994822142857,84.04109717142856,-0.08317162478394,0.41563141605112197,0.030035004269849525,0.24647372355158345,0.07552330319382412,0.08947202745857678,0.08515677999311334,-0.28542429772986067,0.24418358588583253,10.142857142857142,-0.23487510043222154,-0.10575427005478229,-0.14558973802853978,5.791505791505792,2.641739483844747,3.1497663076610456,15.098557203820363,11.806543385490755,3.2920138183296084,7.610241820768136,18.918918918918916,-11.308677098150781,50.56899004267426,53.871164397480186,-3.3021743548059357,47.2972972972973,32.31050599471652,14.98679130258078,94.98069498069499,70.62588904694168,24.354805933753305,6.482422271895956,9.103840682788052,-2.6214184108920953,31.89392399918716,26.559642349116036,5.334281650071124,12.720991668360089,16.815687868319447,-4.094696199959358,51.55456208087787,49.05507010770169,2.499491973176186,48.64864864864865,36.82178419020524,11.826864458443408,99.62406015037594,77.81954887218045,21.804511278195488,22.00772200772201,14.539727697622435,7.4679943100995745,72.61735419630156,39.43304206462101,33.18431213168055,0.7722007722007722,6.47226173541963,-5.700060963218858,16.216216216216218,23.05425726478358,-6.838041048567365,45.17374517374518,26.295468400731558,18.878276773013617,95.39727697622435,56.777077829709405,38.620199146514935,9.581385897175371,8.717740296687664,0.863645600487706,33.59073359073359,28.571428571428573,5.019305019305021,16.846169477748425,10.709205446047552,6.136964031700875,65.67770778297094,35.07417191627718,30.603535866693765,47.51066856330014,24.049989839463525,23.460678723836622,95.43791912212964,54.3080674659622,41.129851656167446
madhepura,635.0526315789474,919.8947368421053,25.743527829999998,86.92529384947369,-0.17110630915269903,0.7421488950336355,0.1799782444118023,-0.43379691338108356,-0.8581973486426259,-0.4218122462695268,-0.1125321405761654,0.10682051122773982,-0.5287916667771213,10.894736842105264,0.3419394424762882,-0.3082697191233647,1.0538563588672138,4770.736842105263,6884.368421052632,26.535621220526316,84.4162923963158,0.31722615136699706,0.33819381964595707,0.0801876160672084,0.17728117683661992,-0.03716229023901225,0.24170574432372413,-0.020383357668370364,-0.19319792943369643,-0.21822401354719742,8.789473684210526,0.45296219529597026,0.1516854185224056,0.21864414778458788,12.027401362581418,20.416261136482742,-8.388859773901324,31.058620947817627,52.14119937111627,-21.08257842329864,11.548251852960995,17.63120461181403,-6.082952758853035,45.63150408025754,58.763195328292284,-13.131691248034736,36.16455790971026,24.01736916972374,12.147188739986527,88.02874897057723,63.850415512465375,24.178333458111855,17.900726210975517,27.779441491352852,-9.87871528037733,40.56674402934791,64.23972448903197,-23.672980459684062,11.41349105338025,21.95852362057348,-10.54503256719323,42.32986449052931,69.12480347383395,-26.794938983304636,42.84644755558883,39.62716178782661,3.2192857677622224,96.06947667889496,89.46245414389459,6.607022535000374,5.985625514711386,14.99213895335779,-9.006513438646403,16.598038481694992,39.91914352025156,-23.321105038556563,10.953058321479373,6.580819046193007,4.372239275286367,38.481694991390285,30.579471438197203,7.902223553193083,34.67844575877817,23.538219660103316,11.140226098674853,78.29228120086846,56.386164557909716,21.90611664295875,8.489930373586883,13.910309201167928,-5.420378827581044,23.4146889271543,36.093434154375984,-12.67874522722168,16.852586658680842,23.07030021711462,-6.21771355843378,58.05944448603728,62.74612562701205,-4.686681140974767,34.989144268922665,27.3302388260837,7.658905442838961,80.56824137156548,61.851463652017664,18.716777719547803
madhubani,652.0,942.7692307692307,26.365529724615385,86.41931202307691,0.028304412378815553,0.3072192506747515,-1.1418564859356661,-0.9539837069364694,-0.48193869168719944,0.2832132075419725,-0.2973419755199404,0.2180554258832552,-0.03952381379367447,6.076923076923077,0.013237544048266194,-0.2745305632982846,0.7199032935487545,5961.153846153846,8562.538461538461,26.702321622307693,84.58378819,-0.016000038762557362,-0.031007412797473714,-0.3145107455320936,0.2822296784137419,0.007792762241113556,0.22036381597470564,-0.4364200507802757,0.2573432009640138,-0.06375277123568726,8.384615384615385,0.08275527238798103,-0.10399409976402839,0.6112078443213208,10.838166101323996,22.20155378050115,-11.363387679177151,31.13579166210745,44.32651274756539,-13.19072108545793,9.67830178356494,16.697669329248274,-7.019367545683336,36.87493161177372,44.23897581792319,-7.364044206149469,31.163146952620636,15.02352554984134,16.139621402779298,77.30057993215888,39.856658277710906,37.443921654447976,21.654447970237445,24.182076813655762,-2.5276288434183156,54.77076266549951,53.06379253747674,1.7069701280227605,11.160958529379581,25.571725571725572,-14.41076704234599,37.29073202757414,57.1616150563519,-19.870883028777765,30.60509902615166,30.402669876354086,0.20242914979757004,68.61801072327388,65.55421818579713,3.063792537476748,10.06674690885217,11.3852719115877,-1.3185250027355289,33.48287558813875,31.56253419411314,1.920341394025605,8.819345661450924,14.842980632454317,-6.023634971003391,28.74493927125506,36.24028887186782,-7.495349600612759,26.414268519531678,32.95765401028559,-6.543385490753912,65.65816828974724,69.27453769559033,-3.6163694058430895,10.25276288434183,11.647882700514279,-1.3951198161724483,24.83313272786957,26.901192690666374,-2.0680599627968053,12.331764963343911,22.360214465477625,-10.028449502133714,54.557391399496666,52.37443921654448,2.1829521829521834,27.311522048364154,32.027574132837294,-4.716052084473137,56.346427399058975,60.89287668235037,-4.5464492832913885
mahrajganj,1522.0,2226.542857142857,27.191759441200002,83.5498452529143,0.5115666914603048,0.1567491975208602,0.09971680227468503,0.03114285724263669,0.12013719701253243,-0.10717116793732878,-0.05778923678313231,-0.08980017386886568,-0.38269481020438334,7.9714285714285715,0.2566224670384209,-0.08228060890228449,0.907692431853028,5423.668571428571,7804.188571428572,26.534420692514285,84.41674644405714,-0.0015446850810333032,0.14929191888325274,-0.31147753286309804,0.014058064918466813,0.014758522416659781,-0.042244801116411344,-0.13980709861233823,-0.06062380542478938,-0.18636606362054456,8.262857142857143,0.10532689897115588,0.0617127065437266,0.16269865376964937,7.593984962406014,16.798211745580165,-9.204226783174152,28.709611867506606,40.62466978256452,-11.915057915057915,12.954277585856534,17.508636456004876,-4.554358870148344,60.3011583011583,51.42694574273522,8.874212558423084,6.921763869132291,22.83438325543589,-15.912619386303598,19.72038203617151,55.94797805324121,-36.2275960170697,18.372688477951634,21.950062265851738,-3.577373787900105,56.64499085551717,53.19325340377972,3.451737451737451,13.594797805324122,17.65982523877261,-4.065027433448487,60.77748425116847,51.38874212558423,9.388742125584232,27.300548668969718,36.14387319650478,-8.843324527535055,69.56512903881325,80.58443405811826,-11.019305019305019,10.563706563706564,17.525299735826053,-6.961593172119488,32.996138996138995,40.8689290794554,-7.8727900833164,3.331843121316805,9.308270676691729,-5.976427555374924,16.337329811014023,28.595001016053647,-12.257671205039626,15.07823613086771,23.880960196749673,-8.80272406588196,46.220280430806746,55.79897769371454,-9.578697262907788,11.46880715301768,16.210932737248527,-4.742125584230847,34.679943100995736,38.77829709408657,-4.098353993090837,17.582198740093474,20.768136557610244,-3.1859378175167654,65.85653322495428,57.54805933753302,8.308473887421256,22.432838853891486,27.31599268441374,-4.883153830522253,60.11704938020728,63.15626905100589,-3.0392196707986177
munger,662.5,958.875,25.24037803,86.50420427125,-0.48857780934808703,0.6295204976610284,-1.3399751367884154,0.7936342708336133,-0.7608127130795973,0.7277554109606236,0.015047086084892913,0.13703452750450876,0.9429389930078628,6.75,-0.6545913097493063,-1.0608548073113733,0.038772089143160174,5022.75,7298.0,26.33325915375,84.25657252875,0.6946343053195855,-0.0671446117877132,-0.5024986236706931,-0.20485851867357938,0.1538844072017116,0.365933792155791,-0.12744560543499114,0.0632569163483584,-0.195104835186561,9.25,0.4508602528927125,0.09772940730506863,-0.2022398932754116,9.112731152204837,17.89651493598862,-8.783783783783784,29.7475106685633,46.861664295874824,-17.114153627311524,13.833570412517782,13.317923186344238,0.5156472261735434,53.33392603129445,50.80014224751067,2.533783783783785,41.23399715504979,15.54054054054054,25.69345661450925,84.80618776671409,46.15931721194879,38.64687055476529,7.0412517780938835,31.463371266002845,-24.42211948790896,36.95768136557611,73.92425320056898,-36.966571834992884,15.700568990042676,14.598150782361309,1.1024182076813673,65.57610241820768,47.768492176386914,17.80761024182077,43.75,36.13975817923186,7.610241820768138,90.88726884779516,78.44950213371266,12.437766714082501,17.123044096728307,22.90184921763869,-5.778805120910384,50.008890469416784,57.14793741109531,-7.139046941678525,8.64153627311522,12.953413940256047,-4.311877667140825,38.13122332859175,42.060810810810814,-3.92958748221906,47.12837837837838,29.774182076813656,17.354196301564727,97.30618776671409,62.92674253200569,34.37944523470839,8.748221906116644,24.2798719772404,-15.531650071123757,33.445945945945944,60.16180654338549,-26.715860597439544,25.85348506401138,19.97688477951636,5.876600284495021,70.05689900426742,62.491109530583216,7.565789473684212,40.37162162162162,28.147226173541963,12.224395448079662,87.53556187766713,65.24715504978663,22.28840682788051
muzaffarpur,716.8936170212766,1033.3936170212767,26.1267808456383,85.23277327968086,-0.075991445174515,0.3472201973551766,-1.1206821113541123,-0.0643825294350989,-0.5850884862213317,-0.30068323778195266,0.12803782719974882,-0.11805348559380194,-0.324766574481606,8.319148936170214,1.0603013569391302,1.3468655338077855,-0.6670163798205646,5207.627659574468,7513.31914893617,26.402169493617023,84.75697881989362,-0.000994249491040067,0.24226334407406028,-0.17138976670179895,-0.013858651118535263,-0.01410464759682959,-0.012806509822052616,-0.003417076800151906,-0.2631434018854752,-0.07416763751183404,8.425531914893616,0.02008549100961654,0.029745073409217806,0.12224698155456444,33.201930934293756,16.7708301806846,16.431100753609154,73.73112193940862,40.02754153929966,33.70358040010896,10.651917314851245,18.559516963772282,-7.907599648921037,43.32874307678339,52.454312784659926,-9.125569707876538,15.825035561877666,24.72629188754609,-8.90125632566842,52.73523803758966,59.29678278502466,-6.561544747435004,31.458642292908813,19.584001694863957,11.874640598044854,68.93405163281983,46.38555128476741,22.54850034805242,16.288096607245542,18.442995066735268,-2.1548984594897247,63.64592476014649,53.068914379104754,10.577010381041735,30.915377863866105,38.34327048212827,-7.42789261826216,81.26191701219697,82.76686540964256,-1.5049483974455975,6.388275173269575,17.253563754123665,-10.86528858085409,18.45283133077086,41.323658484912684,-22.87082715414182,10.279652552888836,10.794164825519807,-0.5145122726309734,41.496928059078115,32.971157047304864,8.525771011773251,14.118822069549953,24.829756968614753,-10.710934899064798,40.7342392784722,57.859931600133166,-17.125692321660967,18.006416270693986,16.24799491540813,1.7584213552858579,43.63820707605702,37.68878060591386,5.949426470143156,15.336248902878243,23.713719318422566,-8.377470415544325,59.036500105929,61.22242062891559,-2.185920522986592,24.160891014194487,29.91964528918616,-5.758754274991678,66.57713144275294,68.95145425380588,-2.374322811052933
pashchim champaran,793.0,1141.3333333333333,26.96067141933333,84.468122172,-0.6246200580049038,0.8316883616272576,-1.1696468595181762,-0.522856996392776,-0.026240790019804963,0.2833971937941224,-0.07542058976148171,-0.005681544921837946,-0.3485512447770651,8.577777777777778,-0.028063914587598777,0.9108984280850685,-0.18954303967532424,5877.777777777777,8418.266666666666,26.346931512888887,84.644964384,0.054219402437680406,0.3766967606036814,-0.27330106058047715,-0.10765160311124795,0.17214869400043326,-0.08424728453506196,-0.06409475184019965,-0.5607355522787412,-0.33668275818823334,7.666666666666667,0.017169749393982768,0.06209080451926237,-0.019216858804695355,15.403824877509088,11.800309081010836,3.603515796498252,42.20957799905169,30.85348506401138,11.356092935040303,12.222222222222221,15.82898688161846,-3.6067646593962386,43.4850640113798,44.08408408408408,-0.5990200727042829,12.677414256361626,18.67393709498973,-5.9965228386281035,43.49138612296507,45.74996048680259,-2.2585743638375217,16.434329065908013,22.328117591275486,-5.893788525367474,47.57230915125652,51.743322269638064,-4.171013118381542,20.52947684526632,18.637584953374425,1.8918918918918914,58.77983246404299,51.69748696064485,7.082345503398137,14.611980401454085,36.93693693693694,-22.32495653548285,43.27801485696223,79.90358779832464,-36.625572941362414,12.648964754227912,19.040619566935355,-6.391654812707444,38.12865497076024,44.373320689110166,-6.244665718349929,9.230282914493442,10.429903587798323,-1.199620673304884,36.10399873557768,31.5283704757389,4.575628259838785,15.84637268847795,27.400031610557924,-11.553658922079974,44.04140983088352,63.79800853485064,-19.756598703967125,10.886676149834043,11.770191243875454,-0.8835150940414104,33.62573099415204,34.4950213371266,-0.8692903429745544,19.173383910226015,26.612928718191874,-7.439544807965861,61.4746325272641,63.62889204994469,-2.1542595226805763,17.89157578631263,31.28971076339497,-13.398134977082348,48.88098624940731,68.06227279911491,-19.1812865497076
purba champaran,855.0,1235.6455696202531,26.515969340632914,84.81272950797468,-0.4663649812597398,0.3106958592522156,-1.2382155355942883,-0.4152900725968794,-0.3718580772644531,-0.10505596817228535,0.024837365439944428,0.19796605837804881,-0.3069909757464739,5.784810126582278,0.3300848378408939,1.170836334936467,-0.7101394191160172,5164.379746835443,7428.544303797468,26.34912522189873,84.7192269327848,-0.13226802808160987,0.3168043311733054,-0.1515581312883999,0.17836703805227963,0.08458600996705616,0.061885087092814796,-0.0803902092059027,-0.375390823198572,-0.12846312265976612,8.316455696202532,-0.020100084753019547,-0.0003868178405525621,-0.18306539819741974,25.040963681869744,15.57790301960855,9.463060662261196,63.482903289698754,40.20292777787781,23.27997551182095,13.61074598916038,18.02221942128671,-4.41147343212633,53.928912256693735,51.08460841305612,2.844303843637621,14.273367304679763,19.088590974000702,-4.815223669320939,55.730413958262055,47.22887444406432,8.501539514197743,24.46567153429245,25.267839458379097,-0.8021679240866448,55.96719304247619,57.20960800907503,-1.242414966598844,18.457064659596305,17.07960458793237,1.3774600716639356,63.33975547832976,49.33737868448062,14.002376793849146,22.656067126420226,34.3995894628806,-11.743522336460378,71.7566667266867,77.74636728667375,-5.989700559987035,5.644885391720835,19.354664457928948,-13.709779066208114,15.121450564488539,46.273655400903905,-31.152204836415365,9.901507103372527,7.341051911338386,2.56045519203414,40.20652898067954,25.143597961719212,15.062931018960333,6.397536777283612,28.186221890419095,-21.788685113135482,20.381007256423644,62.46826440030971,-42.08725714388606,19.381673478941966,20.68981039667249,-1.308136917730522,47.38012496173722,48.20209950123341,-0.8219745394961916,15.840790824135262,24.136138393300286,-8.295347569165024,62.86259610709977,62.25300019437262,0.6095959127271587,14.677602319174605,29.02209337918865,-14.344491060014045,50.65361830851504,66.7807047553883,-16.127086446873253
purnia,935.0,1353.3827160493827,25.80118416876543,87.4073079002469,-0.2836756818877536,-0.16825971932510403,-1.365340064333399,-0.07727394165132323,-0.8799086805808065,-0.29814590471786784,-0.11797864374685887,0.3825365263378971,-0.4828890899748193,10.407407407407407,-0.15197840586171904,-0.2595353829315824,0.5463047348559941,5331.407407407408,7687.641975308642,26.35103248851852,84.71238061654321,0.012456681480637673,0.2356874055587131,-0.30334210395198324,0.12950665982509105,-0.12317656484763387,0.02056671047267155,-0.21163503324177366,-0.21242692883717815,-0.1956510518366062,8.555555555555555,0.16287738185296002,0.19156613128752872,-0.17843613397731448,18.98916460319969,13.184236868447394,5.8049277347522965,51.56121033314015,33.061131306745345,18.50007902639482,20.52578894684158,19.24029292450345,1.285496022338128,63.94464640078675,52.64475001317107,11.299896387615686,24.815166043236218,23.0028273887923,1.812338654443918,72.48213125406107,52.022197636232725,20.459933617828355,19.063800642748014,19.350929877245665,-0.2871292344976553,50.320495934531024,45.44017701912439,4.880318915406635,24.037195089826668,17.103067980260963,6.934127109565706,67.56581142546054,48.926119101557696,18.639692323902853,32.22432959275065,35.58909786979962,-3.3647682770489795,80.25393814867499,79.12034841859403,1.1335897300809588,12.134063888449854,13.647858384700491,-1.5137944962506371,38.558734172769256,33.403579017614106,5.155155155155156,8.536606782220817,8.011520292222047,0.5250864899987707,36.36882496531619,24.610575487768468,11.758249477547723,13.852448940168237,27.47572133537046,-13.62327239520222,43.514567198777726,63.141211386825425,-19.626644188047695,19.182340234971814,14.123772895702722,5.058567339269094,50.45220659255747,33.71353809950301,16.73866849305446,18.71520643450468,18.21294979189716,0.5022566426075198,62.21835870958678,50.49347593207242,11.724882777514358,17.406002493721793,29.054493089580806,-11.648490595859018,52.150396010045135,64.85257187011572,-12.702175860070597
saharsa,976.0,1414.0,25.80166068,86.45718972,-0.1346132602630908,-0.1164270798750071,-1.0809819691132223,-0.6747690886462748,-0.8625833987437823,-0.4481202952834449,1.9434174340622792,1.6423569401526006,-0.8168934750686574,13.0,0.3419394424762882,-0.3082697191233647,1.0538563588672138,2751.0,4077.0,24.73380879,86.25349372,-0.4371713360782578,1.0444093409308712,0.2603449034694046,-0.6724800722461057,0.9143664222819948,0.5412028021433998,0.1855435884480947,-0.5031695510961803,1.9428456189106311,3.0,-1.794622897305855,-1.429850515330716,-1.1755232335749537,18.421052631578945,0.0,18.421052631578945,67.56756756756756,0.0,67.56756756756756,0.0,0.0,0.0,15.789473684210526,7.894736842105263,7.894736842105263,39.47368421052632,45.94594594594595,-6.472261735419636,100.0,67.56756756756756,32.432432432432435,10.81081081081081,0.0,10.81081081081081,21.62162162162162,2.631578947368421,18.9900426742532,27.027027027027028,7.894736842105263,19.132290184921764,48.64864864864865,83.78378378378379,-35.13513513513514,47.368421052631575,48.64864864864865,-1.2802275960170777,100.0,100.0,0.0,32.432432432432435,37.83783783783784,-5.405405405405404,71.05263157894737,100.0,-28.94736842105263,0.0,5.263157894736842,-5.263157894736842,8.108108108108109,40.54054054054054,-32.432432432432435,47.368421052631575,48.64864864864865,-1.2802275960170777,100.0,100.0,0.0,0.0,45.94594594594595,-45.94594594594595,13.513513513513514,100.0,-86.48648648648648,5.405405405405405,40.54054054054054,-35.13513513513514,37.83783783783784,100.0,-62.16216216216216,45.94594594594595,40.54054054054054,5.405405405405411,94.73684210526316,86.48648648648648,8.250355618776666
samastipur,977.5,1416.5,25.74221669,86.13395163999999,0.07861347563315085,-0.4130566173547977,-1.3854873835321784,-1.0123699969185913,-0.8543889064416788,-0.3259431979429581,0.16875412589901695,1.4641610242028877,-0.8487287724385066,3.0,1.344582383514134,1.522115148824025,-0.8290421411757364,5951.0,8447.5,26.548854825,84.03622702,0.1535027830289168,0.2882794015257002,-0.8059229836599578,-0.9446446300928109,-0.2096680222619404,-0.34163507658444014,-0.5871759924503526,-1.0334748330760923,-0.23940754007481402,13.0,1.344582383514134,1.522115148824025,-0.8290421411757364,41.89189189189189,28.129445234708392,13.7624466571835,98.68421052631578,65.04267425320057,33.641536273115214,10.526315789473683,2.631578947368421,7.894736842105262,18.91891891891892,17.105263157894736,1.8136557610241832,47.368421052631575,2.631578947368421,44.73684210526315,93.31436699857753,13.157894736842104,80.15647226173542,43.24324324324324,20.056899004267425,23.18634423897582,91.8918918918919,40.78947368421053,51.10241820768137,6.756756756756757,5.263157894736842,1.4935988620199154,34.74395448079659,35.668563300142246,-0.9246088193456607,47.368421052631575,29.58748221906117,17.780938833570406,100.0,89.1891891891892,10.810810810810814,21.62162162162162,23.684210526315788,-2.0625889046941666,62.16216216216216,40.78947368421052,21.37268847795164,0.0,1.351351351351351,-1.351351351351351,0.0,21.05263157894737,-21.05263157894737,21.62162162162162,6.578947368421052,15.04267425320057,56.75675675675676,34.21052631578947,22.546230440967285,6.756756756756757,34.672830725462305,-27.916073968705547,37.73115220483641,66.60739687055477,-28.876244665718353,2.631578947368421,11.842105263157894,-9.210526315789473,3.9473684210526314,51.351351351351354,-47.403982930298724,47.368421052631575,23.684210526315788,23.684210526315788,100.0,52.63157894736842,47.36842105263158
sant kabir nagar,1622.5,2384.730769230769,26.641840495384617,83.04246677076922,1.5868621779975596,0.4884568239234799,-0.05883193056359415,0.6000001160591643,-0.08893504331040733,0.274943989438007,0.12290694476793201,-0.53838663205726,-0.45510574713656676,6.846153846153846,0.3805026325162053,-0.23787030112538818,0.9814371857886388,5690.7692307692305,8148.961538461538,26.77556196,84.03367718653847,0.1725458889930765,-0.27172710947833084,-0.3698838955606646,0.038051027540169764,0.00773294652449969,0.1225957833763299,-0.49271542633336285,-0.029104776563943932,0.03345130297349121,8.0,-0.030173434792794725,0.0060598945986456475,0.19778942745980016,6.682897472371156,15.64996170259328,-8.967064230222125,30.115439325965642,38.54907539118065,-8.433636065215014,21.249589670642305,16.45147171462961,4.7981179560126925,81.65554218185798,53.465143748544556,28.190398433313415,4.847357478936426,21.351505663246556,-16.50414818431013,25.363825363825363,52.880512091038405,-27.51668672721304,16.424116424116423,13.773388773388774,2.6507276507276503,48.31491410438779,38.31381989276726,10.00109421162053,16.588248167195534,16.41043877885983,0.17780938833570317,61.07068607068607,51.22825254404202,9.842433526644053,27.67534741218952,30.41634752161068,-2.741000109421161,83.40901630375313,74.9124630703578,8.496553233395339,4.866506182295656,24.288762446657184,-19.42225626436153,18.708283181967392,55.919684867053284,-37.211401685085896,5.17288543604333,6.532443374548638,-1.3595579385053065,32.56647335594704,22.042893095524676,10.523580260422365,11.688915636284056,20.319509793194,-8.630594156909947,57.97953824269614,54.92121676332203,3.058321479374111,10.299266878214247,14.451799978115767,-4.15253309990152,34.50322792428056,38.90742969690338,-4.404201772622824,11.407156143998249,20.39884013568224,-8.991683991683992,50.20516467884889,57.640332640332645,-7.43516796148375,16.845387898019474,24.121895174526756,-7.276507276507278,58.450049239522926,62.55755132273351,-4.107502083210584
sheikhpura,979.0,1418.0,25.1559176,85.7070133,0.1225316129206187,2.363444875169612,-0.4135987927238585,-1.9244251033777249,-0.6148978465444268,-0.4775373140956659,0.1855435884480947,-1.7129368844915076,-1.1630276954354075,3.0,-0.7310282065467952,-1.429850515330716,0.1872550496601511,4199.0,6180.0,27.20803858,83.19419119,0.4124703185033293,0.2806988077066705,-1.113676726379945,-0.0853317351027184,-0.0561982005688546,-0.5085353785756487,1.3225094084088345,-0.0362579814633113,-0.7404654686136509,3.0,0.3419394424762882,-0.3082697191233647,1.0538563588672138,0.0,0.0,0.0,37.83783783783784,2.631578947368421,35.20625889046942,29.72972972972973,34.21052631578947,-4.480796586059743,59.45945945945946,84.21052631578947,-24.75106685633001,40.54054054054054,0.0,40.54054054054054,78.94736842105263,5.263157894736842,73.6842105263158,0.0,7.894736842105263,-7.894736842105263,37.83783783783784,21.052631578947366,16.785206258890472,27.027027027027028,47.368421052631575,-20.341394025604547,51.35135135135135,100.0,-48.64864864864865,45.94594594594595,48.64864864864865,-2.7027027027027017,89.1891891891892,100.0,-10.810810810810809,10.81081081081081,0.0,10.81081081081081,55.26315789473685,0.0,55.26315789473685,24.324324324324326,0.0,24.324324324324326,52.63157894736842,2.631578947368421,50.0,50.0,48.64864864864865,1.351351351351347,100.0,97.36842105263158,2.631578947368425,0.0,5.263157894736842,-5.263157894736842,42.10526315789473,18.421052631578945,23.684210526315788,45.94594594594595,50.0,-4.054054054054049,62.16216216216216,100.0,-37.83783783783784,27.027027027027028,48.64864864864865,-21.621621621621625,45.94594594594595,100.0,-54.05405405405405
shrawasti,1642.0,2416.3076923076924,27.64383007230769,81.86566657384614,2.0244788980488226,-0.04985258667897592,-0.9620701090382174,-0.11106696488338721,0.6794629365149881,0.15771266661587427,-0.06567511584808208,-0.0319110237494504,-0.17180518877233703,8.384615384615385,0.3419394424762882,-0.30826971912336465,1.0538563588672138,4803.846153846154,6996.846153846154,26.784061403846156,83.65902788692308,0.678092496044812,0.1370791861147089,-0.6391554935599905,0.1257679968318423,0.054549074536047334,-0.12145934209508064,-0.1691321924236086,-0.04920465018137902,-0.7336393226306834,6.846153846153846,0.33184125342194576,-0.11294749299356255,0.5926889286727471,4.4534412955465585,12.370062370062369,-7.916621074515811,16.46788488893752,28.8543604333078,-12.386475544370281,16.194331983805668,22.672064777327936,-6.477732793522268,69.83805668016194,61.3852719115877,8.452784768574244,33.15938174237769,25.002735529051318,8.156646213326376,92.89856658277712,55.99627968049021,36.902286902286896,4.655870445344129,15.937192252981728,-11.281321807637596,20.440153638534206,40.0481453113032,-19.607991672769,15.182186234817813,19.077579603895394,-3.895393369077579,56.49330426658362,57.82908414487362,-1.335779878290001,36.748676424789785,42.2037422037422,-5.4550657789524175,91.49657287309108,89.87854251012146,1.6180303629696315,13.770653244337456,21.16752379910275,-7.396870554765291,43.70996658446052,50.19695809169494,-6.486991507234421,9.062597321706633,1.8218623481781375,7.240734973528495,33.80566801619433,17.277601488127804,16.528066528066528,13.557562545416797,28.088412298938614,-14.530849753521817,49.23952292373345,68.721960827224,-19.482437903490535,4.645489463303227,14.996170259328153,-10.350680796024925,13.562753036437247,34.58255826676879,-21.019805230331546,23.684210526315788,18.968158441842654,4.7160520844731355,66.80161943319838,54.612101980523036,12.189517452675346,25.303643724696354,35.62205930626983,-10.318415581573477,73.83192909508699,72.61735419630156,1.2145748987854252
siddharthnagar,1718.0,2535.561151079137,27.2051432147482,82.86315741496404,-0.09485569394695399,-0.1297170572906175,0.4271903892199825,0.0891676002341882,0.0729882202114986,0.40672113973837704,-0.19356031727141454,-0.04507966514858631,-0.336767304523417,7.892086330935252,0.33898301113008716,-0.2997376823487467,1.050467771721035,5317.050359712231,7658.776978417266,26.390033326474818,84.55372738999999,0.07462058162077002,0.23990770859950755,-0.15322991311218814,0.04223060160687126,0.00837415993548991,0.02971679858704354,-0.02888321324599896,-0.21769817628752194,-0.04368882540277435,8.035971223021583,0.06589965895547599,0.1058720375073396,0.022872343551009398,9.376567025184974,15.003530603682062,-5.626963578497089,31.31184952464771,36.398477235281476,-5.086627710633769,21.749030363191665,18.4430549443802,3.3059754188114656,82.82693901777583,51.02182834102562,31.805110676750203,21.342755098908068,22.351279715914323,-1.008524617006253,70.69803616566206,53.74602167483652,16.952014490825547,12.425678234084142,21.04700308032379,-8.621324846239652,39.86972584094886,49.825516542669135,-9.955790701720275,10.642979215489628,19.191645261315838,-8.548666045826213,54.04791387373743,52.91709733209166,1.1308165416457727,32.42885066058107,35.87450206155242,-3.4456514009713564,91.27633881514987,78.62552063612269,12.65081817902719,12.724500342826735,16.198819038652434,-3.4743186958257013,37.29852533336062,37.42849248339593,-0.12996715003530634,3.0762303386309444,9.629468981986966,-6.553238643356023,25.20492851806748,29.1551111884319,-3.95018267036442,11.960559575099522,24.8124686594963,-12.851909084396778,46.12503453851428,57.88172175904096,-11.756687220526675,11.106051147702036,16.58002189997646,-5.473970752274425,37.40342008043636,38.46567127521312,-1.0622511947767534,12.684589170768648,23.646857762722963,-10.962268591954318,55.38442645599026,60.25819458231423,-4.873768126323977,24.207660898308383,31.060613813358987,-6.852952915050606,71.31717101425545,68.17953887245822,3.137632141797231
sitamarhi,980.0,1419.0,26.3514481,85.6004604,0.3067652066284966,-1.960414027686875,-0.8907517296292579,-0.2046167297704616,-0.6011382845138988,-0.4296348360059137,-0.9528332996853937,0.2095149990699227,-0.0924505129325952,13.0,0.3419394424762882,-0.3082697191233647,1.0538563588672138,2512.0,3699.0,27.06655392,83.70596141,0.363764898428453,-0.0368288320944941,0.5046893688639706,-1.9244251033777249,0.0527422209864183,-0.9513357068990296,-0.2215186852153114,-0.0642940601475955,-0.457364989148616,13.0,0.3419394424762882,-0.3082697191233647,1.0538563588672138,10.526315789473683,42.10526315789473,-31.578947368421048,40.54054054054054,57.89473684210527,-17.354196301564727,13.513513513513514,26.31578947368421,-12.802275960170697,45.94594594594595,68.42105263157895,-22.475106685632998,7.894736842105263,0.0,7.894736842105263,35.13513513513514,0.0,35.13513513513514,21.62162162162162,47.368421052631575,-25.746799431009958,50.0,97.36842105263158,-47.368421052631575,10.526315789473683,23.684210526315788,-13.157894736842104,60.526315789473685,39.47368421052632,21.05263157894737,15.789473684210526,0.0,15.789473684210526,52.63157894736842,13.157894736842104,39.47368421052632,0.0,2.631578947368421,-2.631578947368421,18.421052631578945,23.684210526315788,-5.2631578947368425,2.631578947368421,0.0,2.631578947368421,21.052631578947366,18.421052631578945,2.631578947368421,16.216216216216218,0.0,16.216216216216218,59.45945945945946,0.0,59.45945945945946,2.631578947368421,47.368421052631575,-44.73684210526316,5.405405405405405,100.0,-94.5945945945946,21.052631578947366,13.157894736842104,7.894736842105262,55.26315789473685,52.63157894736842,2.631578947368432,10.526315789473683,43.24324324324324,-32.71692745376956,42.10526315789473,94.73684210526316,-52.63157894736842
